{"cameraMode":{"drawMode":0,"name":"Shaded","section":"Shading Mode"},"sceneLighting":true,"audioPlay":false,"sceneViewState":{"m_AlwaysRefresh":false,"showFog":true,"showSkybox":true,"showFlares":true,"showImageEffects":true,"showParticleSystems":true,"showVisualEffectGraphs":true,"m_FxEnabled":true},"in2DMode":false,"pivot":{"x":-0.3350304067134857,"y":1.5249136686325074,"z":11.563535690307618},"rotation":{"x":-0.009999691508710385,"y":-0.012202871032059193,"z":-0.00011834480392280966,"w":0.999936580657959},"size":7.203651428222656,"orthographic":false}