{"cameraMode":{"drawMode":0,"name":"Shaded","section":"Shading Mode"},"sceneLighting":true,"audioPlay":false,"sceneViewState":{"m_AlwaysRefresh":false,"showFog":true,"showSkybox":true,"showFlares":true,"showImageEffects":true,"showParticleSystems":true,"showVisualEffectGraphs":true,"m_FxEnabled":true},"in2DMode":false,"pivot":{"x":5.189640045166016,"y":14.85537338256836,"z":1.3271455764770508},"rotation":{"x":0.26247164607048037,"y":0.48541557788848879,"z":-0.15553048253059388,"w":0.8194541335105896},"size":33.90911865234375,"orthographic":false}