{"cameraMode":{"drawMode":0,"name":"Shaded","section":"Shading Mode"},"sceneLighting":true,"audioPlay":false,"sceneViewState":{"m_AlwaysRefresh":false,"showFog":true,"showSkybox":true,"showFlares":true,"showImageEffects":true,"showParticleSystems":true,"showVisualEffectGraphs":true,"m_FxEnabled":true},"in2DMode":false,"pivot":{"x":3.7154178619384767,"y":4.375138282775879,"z":19.57910919189453},"rotation":{"x":-0.047008857131004336,"y":-0.019937360659241678,"z":-0.001305031357333064,"w":0.9996028542518616},"size":9.9238862991333,"orthographic":false}